{
  "breakfast": {
    "accuracy": {
      "mean": 0.9580000000000002,
      "std": 0.03187475490101844,
      "scores": [
        0.97,
        0.9,
        0.95,
        0.99,
        0.98
      ]
    },
    "precision": {
      "mean": 0.960170426065163,
      "std": 0.029472859006742035,
      "scores": [
        0.9714285714285713,
        0.9075187969924812,
        0.9504761904761905,
        0.9904761904761905,
        0.980952380952381
      ]
    },
    "recall": {
      "mean": 0.9580000000000002,
      "std": 0.03187475490101845,
      "scores": [
        0.97,
        0.9,
        0.95,
        0.99,
        0.9800000000000001
      ]
    },
    "f1_score": {
      "mean": 0.9576547816753209,
      "std": 0.032475383654191566,
      "scores": [
        0.9699614890885752,
        0.8983374349228008,
        0.949993746091307,
        0.9899937460913071,
        0.9799874921826142
      ]
    }
  },
  "lunch": {
    "accuracy": {
      "mean": 0.99,
      "std": 0.009354143466934856,
      "scores": [
        1.0,
        0.975,
        0.9875,
        1.0,
        0.9875
      ]
    },
    "precision": {
      "mean": 0.9902380952380951,
      "std": 0.009294867283782449,
      "scores": [
        1.0,
        0.975,
        0.9880952380952381,
        1.0,
        0.9880952380952381
      ]
    },
    "recall": {
      "mean": 0.99,
      "std": 0.009354143466934856,
      "scores": [
        1.0,
        0.975,
        0.9875,
        1.0,
        0.9875
      ]
    },
    "f1_score": {
      "mean": 0.9899968730456535,
      "std": 0.009354979927209768,
      "scores": [
        1.0,
        0.975,
        0.9874921826141339,
        1.0,
        0.9874921826141339
      ]
    }
  },
  "dinner": {
    "accuracy": {
      "mean": 0.9394736842105263,
      "std": 0.017848236797698043,
      "scores": [
        0.9473684210526315,
        0.9342105263157895,
        0.9078947368421053,
        0.9473684210526315,
        0.9605263157894737
      ]
    },
    "precision": {
      "mean": 0.9413997895809041,
      "std": 0.017131781322149944,
      "scores": [
        0.949874686716792,
        0.9355263157894737,
        0.9117295243456234,
        0.9473684210526315,
        0.9625
      ]
    },
    "recall": {
      "mean": 0.9394736842105262,
      "std": 0.017848236797698074,
      "scores": [
        0.9473684210526316,
        0.9342105263157894,
        0.9078947368421052,
        0.9473684210526315,
        0.9605263157894736
      ]
    },
    "f1_score": {
      "mean": 0.9395494183331154,
      "std": 0.017967785233098565,
      "scores": [
        0.9472953216374269,
        0.9345387898019477,
        0.9076990983281099,
        0.9473684210526315,
        0.9608454608454609
      ]
    }
  },
  "metadata": {
    "total_foods": 182,
    "clustering_algorithm": "AgglomerativeClustering",
    "n_clusters": 5,
    "linkage": "ward",
    "classifier": "RandomForestClassifier",
    "n_estimators": 100,
    "oversampling": "SMOTE",
    "cv_folds": 5
  }
}